{
  "css/style.css": 1714130095257,
  "controller/Form.controller.js": 1715083530544,
  "model/models.js": 1713856370136,
  "controller/View1.controller.js": 1715083478245,
  "manifest.json": 1715149582625,
  "controller/BaseController.js": 1714469900920,
  "controller/App.controller.js": 1713856370140,
  "Component.js": 1713856370128,
  "Component-preload.js": 1715149582772,
  "controller/View1-dbg.controller.js": 1715083478245,
  "model/models-dbg.js": 1713856370136,
  "controller/Form-dbg.controller.js": 1715083530544,
  "controller/BaseController-dbg.js": 1714469900920,
  "controller/App-dbg.controller.js": 1713856370140,
  "Component-dbg.js": 1713856370128,
  "view/View1.view.xml": 1714462554695,
  "view/Form.view.xml": 1714740019173,
  "view/App.view.xml": 1713856370140,
  "fragments/Generalinformation.fragment.xml": 1714380614658,
  "fragments/CreateBooksDialog.fragment.xml": 1714478917870,
  "fragments/Author.fragment.xml": 1714388555476,
  "fragments/Address.fragment.xml": 1715082571989,
  "i18n/i18n.properties": 1713935346835,
  "index.html": 1713856370128
}